,Zip Code,"Volume Sold (Liters), Total","Sale (Dollars), Total","Volume Sold (Liters), Average","Sale (Dollars), Average","Price Per Liter, Average","Margin, Total","Price Per Bottle, Average"
0,50002,335.85,4958.04,8.95096153846,129.295865385,16.3344490232,1663.48,11.3110096154
1,50003,2737.52,38095.16,10.4588936937,136.528785586,15.0096191656,12734.43,10.4479333333
2,50006,629.24,9031.81,6.91472527473,99.2506593407,16.5811368394,3017.89,18.0746153846
3,50009,16284.0,241028.59,10.7269300701,164.469586276,18.7177416405,80566.24,15.5994634431
4,50010,52302.32,767805.14,10.3852533976,143.129883058,17.7785039209,256762.94,14.5169397353
5,50014,2620.01,36105.67,7.80918450213,109.414798926,19.7334629576,12054.9,17.1278571051
6,50020,686.6,8716.27,7.77946570973,87.6076515152,15.1570836181,2907.57,12.2949481659
7,50021,20834.47,289434.02,8.75990435146,123.182039592,16.8642257001,96963.22,14.0844171019
8,50022,7199.92,93176.8,10.2355148102,120.998893574,16.0536406748,31164.05,13.8305375038
9,50023,11379.28,179657.93,6.40356184881,86.2920299641,17.4840601726,60094.78,14.2878024145
10,50033,356.11,4582.04,5.93516666667,76.3673333333,17.6529107143,1529.42,11.0606666667
11,50035,677.19,9664.23,2.16354632588,30.8761341853,17.4808326272,3226.09,12.7519488818
12,50036,11145.17,141982.36,10.3349709126,128.019194264,16.1487976051,47756.71,12.8279155254
13,50044,207.0,1826.94,13.8,121.796,10.3057460317,610.02,6.17533333333
14,50046,110.46,1425.39,2.98540540541,38.5240540541,15.8076118848,478.32,12.6024324324
15,50047,2137.0,23639.01,17.6611570248,195.363719008,15.8691892956,8173.78,14.0005785124
16,50048,257.2,4060.65,9.18571428571,145.023214286,17.7181632653,1354.17,10.9967857143
17,50049,2621.54,36768.2,8.23494505495,127.131126374,17.0006015585,12295.25,14.3085714286
18,50054,1067.11,12749.19,6.91834913793,91.6668103448,15.1305597443,4264.17,11.5574224138
19,50056,289.5,3042.18,13.1590909091,138.280909091,12.1071428571,1014.42,11.9686363636
20,50058,556.95,6899.61,6.55235294118,81.1718823529,16.040022409,2312.07,14.6735294118
21,50060,691.75,8603.63,6.34633027523,78.9323853211,14.7641896024,2878.96,15.5804587156
22,50069,669.18,8153.96,8.07030612245,96.8912244898,14.7908703839,2732.88,11.1712755102
23,50071,124.8,1821.3,11.3454545455,165.572727273,15.1570238095,610.02,10.9727272727
24,50072,272.97,2854.65,8.5303125,89.2078125,16.3654240277,953.43,11.744375
25,50075,510.57,6228.02,6.71802631579,81.9476315789,16.2750579574,2102.45,11.6313157895
26,50076,273.0,2869.68,14.3684210526,151.035789474,11.7572681704,960.06,11.8831578947
27,50107,256.5,2893.69,13.5,152.299473684,18.1920802005,975.64,13.6242105263
28,50109,326.36,3770.35,7.25244444444,83.7855555556,15.1952169312,1257.53,10.2922222222
29,50111,8052.43,112407.2,7.55403185799,103.225048725,16.9652361134,37618.04,13.6668690071
30,50112,6876.13,98587.54,7.10990411027,104.159293562,18.6045899308,32950.54,14.5756020492
31,50115,607.24,7352.33,5.62259259259,68.0771296296,13.5748801081,2459.08,12.0215740741
32,50122,408.12,3876.58,6.69049180328,63.5504918033,13.2457825917,1302.65,12.5555737705
33,50123,227.57,2418.45,9.48208333333,100.76875,15.0447767857,809.79,9.10458333333
34,50124,262.5,3817.14,9.72222222222,141.375555556,15.4687830688,1274.58,12.8262962963
35,50125,12779.51,155639.26,10.073958442,116.248197524,14.5866815215,52271.6,12.9938641789
36,50126,6450.26,85354.7,13.3310757734,151.063662452,15.2712148648,28541.75,13.5848686803
37,50129,5755.51,72052.71,7.44196612578,95.3549009548,17.1658762312,24308.68,13.9670327499
38,50130,400.11,3763.24,6.35095238095,59.733968254,14.0216809368,1262.93,10.373015873
39,50131,6386.63,96304.73,5.72475731545,91.8358515812,18.5668777157,32257.93,13.7475931749
40,50138,5935.16,79306.6,9.00189299578,110.272223767,16.1315234845,26497.36,13.4026391129
41,50140,527.16,6878.97,6.14173202614,78.7261928105,16.1988956968,2304.89,10.8299400871
42,50142,501.26,6812.21,2.19850877193,29.8781140351,17.0001438033,2278.73,13.4070614035
43,50144,630.5,8550.49,7.8696969697,104.887984848,14.2749227994,2859.8,14.1158333333
44,50150,48.15,812.44,4.37727272727,73.8581818182,18.6603463203,271.0,10.9772727273
45,50156,691.26,8566.47,4.54776315789,56.3583552632,14.8814091149,2860.0,12.3273026316
46,50158,17349.74,253121.77,9.5400989976,131.032635149,16.2479090133,84578.94,14.1438946028
47,50160,121.5,2233.98,7.14705882353,131.410588235,19.6735014006,745.02,14.2523529412
48,50161,233.25,2594.4,11.1071428571,123.542857143,12.382585034,878.52,10.9371428571
49,50163,941.51,13171.39,6.67737588652,93.4141134752,17.4551684128,4394.53,14.7464539007
50,50170,572.21,7218.66,5.64627272727,70.7212929293,15.5210209184,2410.83,12.153020202
51,50171,1761.5,24135.73,6.40596846847,85.7661111111,16.3050947376,8060.47,14.5585623123
52,50201,3076.2,37291.8,4.57922457404,57.7090653125,16.6782015577,12464.63,13.2566659674
53,50207,111.75,1656.08,5.88157894737,87.1621052632,17.0636842105,552.21,14.3336842105
54,50208,11049.08,138972.17,9.38559628873,110.823040615,15.0845534191,46486.79,13.7538347814
55,50211,4455.58,59553.66,11.7699167366,189.925081166,17.2471799805,19915.44,13.9032447786
56,50212,609.15,7663.06,7.03425925926,93.9002754036,16.0087880432,2562.38,11.4965574549
57,50213,4699.2,65423.52,10.9850956278,152.42142123,15.9717834556,21872.15,13.7483878794
58,50216,1549.0,19479.36,8.07691717791,106.018595092,14.9971020547,6513.89,14.3334340491
59,50219,6737.72,95412.93,13.8508076401,185.47129927,17.1210168319,31985.76,15.2813737961
60,50220,4112.36,52566.59,6.02680379702,74.8975104855,16.765447251,17562.93,12.6243486982
61,50225,575.91,6911.46,4.23463235294,50.8195588235,16.260744923,2309.64,14.6766176471
62,50226,2148.69,26729.2,8.68363013699,112.047306393,15.6115850349,8972.37,13.4667748858
63,50228,178.3,2590.61,6.36785714286,92.5217857143,18.3664285714,868.36,10.145
64,50240,217.8,2397.16,10.3714285714,114.15047619,13.1393197279,806.94,11.1233333333
65,50244,330.44,4132.2,6.11925925926,76.5222222222,17.9945546737,1380.16,12.0131481481
66,50247,298.32,3368.04,2.54974358974,28.7866666667,13.746228927,1125.08,10.761965812
67,50248,1643.09,19294.3,6.92237867185,83.3601544697,15.612202086,6453.59,11.2009746386
68,50249,328.65,4199.7,5.21666666667,66.6619047619,17.3764493575,1402.78,16.9206349206
69,50250,1605.42,18606.68,7.08809389039,85.9090188679,14.6859005107,6217.93,12.5551666667
70,50251,139.5,2091.12,15.5,232.346666667,13.0416402116,697.2,11.8433333333
71,50261,172.2,1653.6,14.35,137.8,12.5095238095,551.7,10.6675
72,50263,9687.95,155693.4,8.06940138103,111.464726925,17.0590181039,52075.61,13.2159386508
73,50265,26119.89,401901.07,6.26334019128,94.4226755565,18.2622219782,134416.67,13.1916221678
74,50266,31448.31,544870.01,14.8394088811,257.117151846,18.8807635401,182445.87,15.487492335
75,50273,4976.82,52975.21,10.6307027476,118.030957579,18.0099354372,17862.55,13.4629871679
76,50276,218.25,2560.53,7.79464285714,91.4475,13.5673469388,859.68,10.805
77,50309,2382.09,30820.38,7.46366920947,101.397277926,18.280851051,10292.81,13.360389541
78,50310,7933.08,119175.26,7.76407382732,110.865095468,17.4494117607,39798.0,13.7638837752
79,50311,41235.28,586225.94,19.1246776536,269.003249626,17.9640988328,195853.33,15.2471801143
80,50312,4109.89,92423.58,6.14907192084,121.231679503,35.8225804153,30842.66,18.5559920033
81,50313,4213.12,54272.77,7.33556976055,100.473514801,18.5549284228,18129.32,12.6142270815
82,50314,58853.62,1038267.17,12.4845256194,291.983194151,27.2036077293,346409.55,19.9098942226
83,50315,16700.12,241221.18,7.08158018142,101.2149172,17.6728856626,80627.68,12.7664462293
84,50316,3831.1,70227.7,8.7167320715,143.5926063,21.044798972,23424.75,15.0589921793
85,50317,24528.31,352647.02,6.66766288707,95.3505819346,18.0943951745,117823.9,12.4977493175
86,50320,66367.76,1068200.95,11.137150879,162.223554151,18.8908275169,356316.11,14.9874214628
87,50321,11565.91,170289.67,7.38138680496,108.819777144,18.3101801768,57235.64,13.0752818423
88,50322,18493.5,306181.73,7.7292681956,119.146630434,18.0283977127,102258.58,13.9033093623
89,50323,692.49,10488.62,6.13675194661,92.984705228,17.1654044835,3506.33,12.7804430849
90,50324,518.92,8161.2,3.50621621622,55.1432432432,18.6345596254,2722.96,7.93614864865
91,50325,3189.29,51047.67,5.82791736836,89.8976256767,18.4397201546,17045.09,13.1957463917
92,50327,1887.95,20142.38,20.0845744681,214.280638298,18.5581724179,6809.04,15.6795744681
93,50401,30080.37,394942.34,10.4961000864,134.792672315,16.6312551967,132325.84,13.8864476111
94,50421,1418.25,15601.95,12.1025373134,131.967544776,13.694341813,5210.63,14.1716791045
95,50423,1202.0,11825.21,10.9755952381,109.420952381,12.6514331066,3974.51,12.7767142857
96,50424,617.95,7338.96,8.35193965517,96.2011551724,14.4292799672,2455.56,12.8262327586
97,50428,11783.19,160419.3,7.71586503924,97.0677774676,16.8268198951,53599.38,15.4110382371
98,50435,1043.62,15528.97,10.0348076923,149.317019231,16.6792060681,5197.19,15.2647115385
99,50436,4789.33,56402.31,9.11559322596,108.135373832,15.1601526464,18848.15,15.0785275403
100,50438,1522.75,15712.9,10.5746527778,109.117361111,12.3397486772,5288.86,13.4664583333
101,50441,3906.87,48930.98,6.15727666045,82.6316476487,16.8644758737,16407.1,14.0188633366
102,50450,308.62,3350.21,12.8591666667,139.592083333,15.8588541667,1118.06,10.6858333333
103,50458,309.86,4288.75,7.37761904762,102.113095238,18.8827806122,1436.76,12.0488095238
104,50459,2088.49,23535.8,8.25789592244,92.2287852866,14.4735940255,7873.37,14.0435223838
105,50461,2212.76,25308.91,3.44701185719,39.0695202458,15.7409001235,8479.36,13.3218337638
106,50466,199.5,2334.69,7.125,83.3817857143,13.2742006803,778.56,13.7703571429
107,50469,633.37,7721.08,4.4919858156,54.7594326241,13.020765122,2587.53,12.8876595745
108,50472,987.25,11801.35,7.96169354839,95.1721774194,15.9237941628,3940.62,18.9432258065
109,50475,243.0,2808.42,11.0454545455,127.655454545,13.2104761905,938.58,10.5572727273
110,50483,1692.87,23243.51,12.0919285714,166.025071429,18.2878613946,7788.54,18.4165
111,50501,28505.94,376150.99,12.3749001363,154.851531766,16.4089362188,126267.08,14.0243637851
112,50511,9140.5,114572.53,11.3894120808,136.878998627,16.7864294588,38553.11,15.3367603636
113,50514,195.0,2116.44,13.9285714286,151.174285714,13.5212244898,705.9,9.90357142857
114,50517,2322.57,32827.2,7.16842592593,101.318518519,17.8993913023,10961.84,16.3495061728
115,50525,1045.4,12763.91,9.11046594982,113.400379928,14.6325512886,4270.81,12.6085268817
116,50529,200.1,1972.92,11.7705882353,116.054117647,14.1529411765,658.62,7.73647058824
117,50530,417.75,5514.88,6.32954545455,83.5587878788,15.2394083694,1845.1,15.2077272727
118,50533,2969.9,33728.14,11.206261343,129.440076225,15.5596129116,11436.88,13.85876951
119,50535,204.9,2447.58,7.88076923077,94.1376923077,13.9728754579,821.1,10.5403846154
120,50536,3450.65,45801.98,7.81887272064,108.343626989,15.5346298635,15300.91,14.2310460869
121,50541,165.0,1474.8,11.7857142857,105.342857143,12.8132653061,492.0,8.69714285714
122,50542,84.0,1026.24,12.0,146.605714286,13.1692517007,347.88,11.0957142857
123,50543,659.85,9310.22,4.4887755102,63.334829932,18.5077000324,3109.04,16.3156462585
124,50548,3427.02,46305.98,8.35450191101,105.14040885,15.3555678587,15516.54,14.3878093552
125,50554,986.87,9635.34,7.15123188406,69.8213043478,12.4009256384,3226.48,12.5824637681
126,50563,492.62,6387.86,5.35456521739,69.4332608696,14.3289518634,2132.45,12.7917391304
127,50569,154.5,1860.06,8.13157894737,97.8978947368,12.9162907268,621.36,8.83789473684
128,50574,1995.84,21527.77,8.17967213115,88.2285655738,15.5706099778,7295.01,13.5840163934
129,50579,325.62,2906.29,5.16857142857,46.1315873016,10.1752324263,971.09,9.8319047619
130,50581,129.25,1566.34,6.4625,78.317,15.8117142857,522.3,14.284
131,50583,2560.79,30392.64,5.18200240324,58.1489822395,14.9263959744,10194.65,14.4712947187
132,50585,619.22,7190.41,4.33020979021,50.2825874126,13.3451118562,2409.4,14.4741958042
133,50588,10833.77,162353.33,7.59684526255,119.360124732,20.8591559693,54278.64,16.7121430988
134,50590,232.22,2877.23,9.67583333333,119.884583333,13.094288278,959.68,14.6291666667
135,50595,5707.35,70643.91,8.07642719467,95.6674069419,15.8480911677,23784.53,12.262429988
136,50597,1044.94,10681.07,14.1208108108,144.338783784,15.482020592,3562.92,16.8744594595
137,50601,505.48,5881.11,6.73056671449,78.2538522238,16.1655788458,1967.98,13.8855021521
138,50602,861.4,8581.23,8.94726705796,91.7703049645,13.9833425334,2876.12,12.5794358034
139,50606,230.12,2259.67,3.9675862069,38.9598275862,13.4860324302,759.42,9.25879310345
140,50613,36382.83,515851.85,10.3445258128,135.804986057,16.5769679805,172554.57,14.0968638717
141,50616,6168.65,76421.17,13.7670499982,152.58203721,15.1268025159,25640.46,14.2188056986
142,50619,461.64,5740.33,9.46591517857,117.248392857,14.8068866922,1919.45,11.2300892857
143,50621,418.98,4888.28,4.9957523511,58.7681974922,16.8443701534,1643.36,14.4270768025
144,50622,899.25,9702.39,9.5664893617,103.216914894,12.9034549139,3271.23,12.9234042553
145,50627,2003.38,23201.93,7.39808546124,89.7316695422,15.5288261105,7757.74,14.1022020934
146,50628,542.95,7437.02,13.57375,185.9255,16.006452381,2481.91,18.00075
147,50629,380.25,4294.71,5.43214285714,61.353,15.3782789116,1446.16,14.6394285714
148,50630,400.5,4154.49,6.675,69.2415,13.2752539683,1391.43,13.2416666667
149,50635,278.25,3213.47,4.96875,57.3833928571,13.7704676871,1071.94,11.6819642857
150,50636,354.62,3939.16,4.172,46.3430588235,15.1192058824,1320.45,13.7796470588
151,50638,1635.26,19498.09,5.25074108656,63.6713292412,14.4232647143,6518.3,12.2941925831
152,50641,251.9,3370.78,9.32962962963,124.843703704,14.9930335097,1124.06,9.5062962963
153,50643,321.0,4225.74,12.3461538462,162.528461538,15.2569047619,1419.18,15.0907692308
154,50644,7459.03,95229.77,12.463469697,154.327647085,16.7810995945,31972.88,14.9045241007
155,50647,1199.06,17109.81,3.38717514124,48.3327966102,18.2575367591,5714.74,13.6666384181
156,50648,613.25,7520.6,4.31866197183,52.961971831,15.8448323273,2517.28,14.8633802817
157,50651,953.95,11738.16,4.94274611399,60.8194818653,15.3062714622,3940.85,13.2337305699
158,50658,385.55,4879.24,6.53474576271,82.6989830508,16.0970702179,1629.04,13.9922033898
159,50659,1975.73,20978.6,8.93478282292,95.2519769557,14.1090359616,7026.13,14.0229407975
160,50662,5585.55,70995.29,13.0957927421,167.149526199,14.6700895162,23800.31,13.8554756784
161,50665,654.0,7255.65,11.0847457627,122.977118644,11.4877239709,2427.09,12.2376271186
162,50667,376.57,6025.64,3.16445378151,50.6356302521,19.6352286178,2009.45,14.26
163,50669,279.0,3276.78,9.96428571429,117.027857143,11.9757993197,1100.34,12.5928571429
164,50674,685.53,9022.86,2.61652671756,34.4383969466,16.1514705418,3011.02,15.2844656489
165,50675,811.17,9845.62,9.02697478992,130.386848739,15.3935959384,3283.76,11.890210084
166,50676,1463.48,16586.7,8.08552486188,91.6392265193,13.8864647461,5553.07,14.0254143646
167,50677,10137.34,131042.58,10.1338926564,141.485256531,17.0676453906,43805.77,15.538210274
168,50680,199.5,1570.8,18.1363636364,142.8,9.50164502165,528.54,9.06545454545
169,50682,347.55,4986.59,7.87716346154,110.360504808,16.1181513278,1665.62,15.1084855769
170,50701,13912.19,199479.61,9.35754504799,130.350625535,17.5057992683,66651.4,13.7080054054
171,50702,27380.01,366786.39,11.2379314225,153.438283606,17.6539043209,122616.42,13.5417023144
172,50703,22566.19,375963.9,8.64118184573,146.720426997,19.6157409426,125515.2,11.478805034
173,50707,3430.01,47114.25,6.44627045472,94.6414902605,18.1666536717,15738.14,12.5158218472
174,50801,6339.53,89240.36,7.41360340123,103.919274382,16.6002513543,29844.73,14.1854838752
175,50830,214.5,2723.76,21.45,272.376,18.3662857143,912.48,11.062
176,50833,466.28,6130.51,4.16321428571,54.7366964286,16.582057991,2047.93,13.923125
177,50841,822.28,10245.14,4.35068783069,54.2070899471,17.3241036785,3417.67,15.2820634921
178,50846,480.75,6495.09,10.4510869565,141.197608696,18.4613354037,2165.7,18.9065217391
179,50849,1001.35,12293.43,7.61823308271,98.3279323308,15.4129860365,4109.1,12.2754887218
180,50854,1304.25,15447.85,10.1407022181,140.206379056,14.509350134,5163.41,14.0165039459
181,50864,81.75,1020.5,5.45,68.0333333333,15.872,341.32,12.4066666667
182,51001,343.38,4315.29,6.13178571429,77.05875,17.007670068,1446.94,12.2583928571
183,51002,143.25,1731.36,11.0192307692,133.181538462,12.5223443223,577.44,11.8146153846
184,51004,769.93,9452.11,5.23761904762,64.3000680272,15.5975530237,3161.35,13.4234013605
185,51005,139.5,1502.82,15.5,166.98,12.0692063492,508.26,11.71
186,51012,3447.41,43675.45,8.77183582621,111.490938201,14.8020794487,14633.15,14.2348450855
187,51023,1062.24,13500.68,7.64201438849,97.1271942446,15.608987667,4512.64,15.2911510791
188,51025,1597.0,23756.4,6.18992248062,92.0790697674,17.819155639,7934.49,16.3367829457
189,51027,145.5,2438.71,5.59615384615,93.7965384615,19.6576739927,813.16,16.6042307692
190,51028,375.75,4294.86,9.88815789474,113.022631579,13.5613784461,1438.88,13.0286842105
191,51031,8598.09,118601.84,10.2095710436,129.222784038,16.5038673266,39633.05,15.198100621
192,51034,1797.38,22826.04,5.3493452381,67.9346428571,15.4166044101,7642.2,15.3075892857
193,51035,344.25,4020.39,5.46428571429,63.8157142857,13.4464928193,1347.0,13.1807936508
194,51040,2217.31,30851.69,5.16742612753,77.5978024328,16.8389542135,10308.65,11.9442068429
195,51041,3422.32,40616.0,21.7982165605,258.700636943,16.5409364128,13759.74,13.7312738854
196,51046,786.56,8687.67,9.09025641026,95.6232179487,14.8472366493,2911.25,14.0587564103
197,51050,837.35,10120.82,7.97476190476,96.3887619048,15.3609331066,3389.44,13.868
198,51054,1714.02,23348.92,5.6690865971,78.1585896915,17.8107256516,7808.61,14.1022401409
199,51055,672.17,9311.36,7.30619565217,101.210434783,15.6926371636,3113.73,11.2185869565
200,51058,240.0,3193.5,8.57142857143,114.053571429,14.7637244898,1066.34,15.1389285714
201,51101,2926.13,50799.35,6.37244088073,122.324460168,23.5188831298,16953.95,18.5994069593
202,51103,11881.81,207910.07,8.05309209957,130.208349437,18.3880838487,69363.86,12.9767866966
203,51104,8561.62,125664.27,6.37051616048,93.7206448129,19.1137995279,41982.51,14.60090967
204,51105,7375.99,102145.65,7.41808069148,102.43917124,18.1846069301,34114.53,11.7192652088
205,51106,26174.87,375032.92,11.3114204388,164.587246028,17.7212870133,125324.96,13.8460147439
206,51108,5918.06,75185.31,9.94787791277,122.979599468,15.4808576833,25219.6,13.5704856492
207,51109,985.35,12678.79,7.70597727273,105.973677273,16.2206548341,4233.84,12.6797318182
208,51201,7791.22,100985.86,26.2014844415,282.858361821,15.7023244657,33727.51,13.5249395782
209,51237,282.74,4230.87,3.24988505747,48.6306896552,16.2356955607,1413.23,14.7237931034
210,51238,161.14,2015.45,7.67333333333,95.9738095238,16.9199036281,675.04,10.6619047619
211,51240,594.3,7276.27,3.90986842105,47.8701973684,15.670718985,2432.67,13.9961842105
212,51241,1687.25,24203.26,7.42012115635,113.973656161,18.3946103205,8084.57,17.6063173836
213,51245,580.85,8596.51,6.45388888889,95.5167777778,17.2607936508,2874.09,17.8213333333
214,51246,2678.17,35984.52,6.49075672295,85.9408505316,16.0741082948,12029.61,15.1223753127
215,51247,754.9,9541.14,9.93289473684,125.541315789,15.1816353383,3191.11,12.9182894737
216,51248,541.22,6501.29,3.73255172414,44.8364827586,15.3720846393,2168.63,12.2542068966
217,51249,1815.27,24456.7,5.54786176108,74.1915527504,16.4935585813,8180.4,14.9193236864
218,51250,5509.25,83665.13,12.0944814431,185.677738366,17.1972515438,27933.65,15.4921218384
219,51301,11917.32,143992.92,12.1499897123,136.012233886,14.5088543156,48134.39,13.5037109944
220,51331,2323.95,33109.97,6.14826294576,86.5747161132,17.3299572834,11065.58,14.3147044306
221,51334,4591.26,55871.86,10.1747420723,115.94340349,16.0044868707,18816.58,13.1855445631
222,51338,56.25,573.51,9.375,95.585,11.5413492063,191.64,11.9583333333
223,51342,454.75,5277.36,5.90584415584,68.5371428571,14.538961039,1761.66,14.1551948052
224,51346,1536.8,16749.22,7.12076308784,75.9942753623,14.3351826295,5694.02,12.9171103224
225,51351,9739.56,134738.33,12.4229081633,171.860114796,17.59692605,44965.56,15.2954846939
226,51358,270.5,2921.39,6.7625,73.03475,13.444452381,975.7,13.91625
227,51360,15115.96,203763.8,9.83789340392,124.940320043,16.4697150346,68051.76,14.4117293588
228,51401,18095.02,242936.75,14.0405580517,165.745861953,14.6787771536,81594.83,14.2943459118
229,51442,8840.16,105225.1,9.84442595838,128.788626864,15.7795522053,35544.06,13.4449732287
230,51443,206.18,3096.97,6.24787878788,93.8475757576,16.9509326571,1034.06,11.7163636364
231,51445,1541.75,18251.25,10.1045145331,137.474103278,14.6250574256,6098.48,14.1510698825
232,51449,888.75,9881.33,9.2578125,102.930520833,13.0354265873,3304.77,13.0514583333
233,51450,1457.45,18332.83,8.81744186047,115.077587686,16.8100596373,6146.25,15.7752744949
234,51455,810.8,11264.0,3.60355555556,50.0622222222,16.3422169591,3764.6,14.7758222222
235,51461,695.25,9918.29,3.84116022099,54.7971823204,16.4196132597,3324.41,17.5641436464
236,51462,109.8,1370.6,6.8625,85.6625,14.7299181548,457.1,9.63375
237,51466,103.5,1712.64,10.35,171.264,17.7476190476,573.12,13.305
238,51501,35824.44,543081.75,9.6749699958,141.275694599,17.2309988252,181380.76,12.4475531208
239,51503,27840.02,393740.13,9.23500529916,134.7930371,17.420390088,131502.16,14.437857739
240,51510,592.85,7907.59,4.98193277311,66.4503361345,16.7835843699,2637.99,10.8396638655
241,51521,2428.96,35254.69,8.01656263092,117.452597403,16.5283992331,11768.57,13.4959556975
242,51526,144.14,2109.99,6.55181818182,95.9086363636,18.9989772727,706.43,12.2690909091
243,51534,2533.69,30587.3,9.20534009258,121.109018063,17.456914239,10226.39,17.9007659175
244,51537,7784.1,92196.85,21.8186299748,220.984556024,14.6052626694,31016.58,13.0445876137
245,51546,607.5,6407.76,9.79838709677,103.350967742,11.1080721966,2147.52,12.43
246,51551,204.0,2311.44,9.27272727273,105.065454545,11.4593073593,771.18,8.52272727273
247,51555,1721.52,22404.69,2.97063536776,40.3107816901,17.6845190513,7496.22,12.2388497653
248,51559,313.17,3945.26,5.79944444444,73.0603703704,15.576186067,1319.52,10.6783333333
249,51560,834.59,11142.82,4.5919005848,64.947871345,16.4692709552,3719.31,12.4249473684
250,51561,660.16,8963.81,6.73632653061,91.4674489796,17.5826489694,2991.94,16.8929591837
251,51566,5114.4,64992.27,7.74694503215,104.799589832,17.5163714053,21699.11,13.7378776576
252,51575,116.62,1755.27,7.28875,109.704375,18.6443303571,586.69,15.864375
253,51577,277.7,3995.56,7.12051282051,102.45025641,16.1967032967,1334.0,12.6712820513
254,51579,449.2,6444.7,3.65203252033,52.3959349593,15.2271738289,2151.64,12.3836585366
255,51601,4705.83,62671.82,9.82106250775,118.656589701,14.7885582298,21053.48,12.8324490929
256,51632,3790.74,54192.63,6.47076751501,85.4886468891,16.0789827571,18124.58,14.3691957429
257,51640,187.1,2654.45,8.50454545455,120.656818182,14.7214285714,886.86,9.93227272727
258,52001,35782.04,515732.95,8.81162985194,118.782845943,17.2159831096,172514.02,12.7901074049
259,52002,16760.93,203140.82,17.8791654087,229.351907561,17.5729844932,68178.86,15.3981519165
260,52003,5846.24,83155.89,7.73691524725,125.076420763,19.6724705761,27786.49,15.775749831
261,52031,1663.55,21434.41,8.21889978214,111.080511983,15.9879113497,7164.82,13.272875817
262,52033,1212.5,14233.09,11.0227272727,129.391727273,12.7173766234,4785.29,13.6414545455
263,52040,4404.42,49175.99,10.6495226917,117.052199747,14.9392199804,16587.22,13.580461147
264,52042,415.5,4914.12,5.85211267606,69.2129577465,13.5141649899,1643.26,13.7749295775
265,52043,730.98,7649.77,9.05996527778,91.4203009259,14.4786081523,2602.22,12.0536265432
266,52046,205.5,2030.4,9.34090909091,92.2909090909,11.5813852814,677.28,9.12227272727
267,52052,1828.9,25963.75,7.55155844156,104.287536797,16.1447028448,8671.19,14.286978355
268,52057,2850.8,35252.94,11.5033656298,140.426035186,14.4478823871,11811.07,14.7428616352
269,52060,8179.58,96018.78,13.9402552746,151.003935833,13.7324056874,32273.03,14.729963499
270,52068,272.5,3756.12,8.79032258065,121.16516129,16.0362519201,1256.8,12.0580645161
271,52076,493.5,5319.84,16.3682432432,187.652837838,13.4628442728,1781.52,13.0074324324
272,52079,372.74,4598.41,9.3185,114.96025,17.3055616367,1538.63,11.104
273,52084,1685.68,38364.56,5.69486486486,129.61,26.2744781412,12795.59,13.4348648649
274,52087,2966.0,41078.22,9.32704402516,129.176792453,17.5182060497,13720.78,15.3576100629
275,52101,8147.71,107971.83,8.79228596696,118.000416782,16.4316822361,36091.56,14.7493427044
276,52136,6577.65,76135.96,14.4946494344,164.110416996,15.5793552031,25656.16,15.1761190038
277,52142,775.65,10533.66,13.6078947368,184.801052632,15.537786132,3542.82,13.5854385965
278,52144,854.85,10972.11,6.78452380952,87.0802380952,13.1546078987,3660.59,15.1274603175
279,52146,222.86,3221.71,5.18279069767,74.9234883721,18.2253068718,1080.25,15.4779069767
280,52151,748.85,8060.58,6.34618644068,68.31,13.9482828894,2699.01,12.3607627119
281,52154,532.5,8854.04,14.3918918919,239.298378378,16.9012870013,2957.48,17.0137837838
282,52159,1253.84,17912.42,3.76854386996,52.4907849589,15.6427794891,5985.74,16.4265109675
283,52162,273.8,2923.33,8.83225806452,94.3009677419,13.5258064516,974.66,13.0151612903
284,52166,394.25,6810.42,10.108974359,174.626153846,18.8448717949,2270.46,23.4853846154
285,52172,5045.24,65712.85,8.53613997258,105.36710642,15.2658803989,22016.32,15.3598233297
286,52175,1772.13,18474.4,9.47663101604,98.7935828877,14.5229879512,6222.73,14.4360427807
287,52205,4934.35,59075.74,11.5774970088,142.334012901,15.6609143938,19787.17,14.7191337634
288,52207,186.85,2205.09,9.3425,110.2545,17.2312380952,744.75,11.7645
289,52208,2242.19,26712.93,6.65774926231,78.5386366284,16.8700305893,8925.45,15.0796515375
290,52211,875.2,10971.37,8.03026315789,94.9891118421,15.0729436873,3661.85,12.4253618421
291,52213,784.25,8101.08,5.37157534247,55.4868493151,13.0776255708,2715.61,12.1887671233
292,52214,709.9,7906.47,6.63457943925,73.8922429907,13.6850778816,2646.31,11.5594392523
293,52224,307.5,3873.3,9.91935483871,124.94516129,12.7218740399,1294.86,11.8751612903
294,52227,320.55,4140.64,8.43552631579,108.964210526,14.5009210526,1390.79,11.5902631579
295,52228,254.25,3293.81,8.475,109.793666667,14.9723809524,1098.4,9.721
296,52233,2095.24,29262.51,6.36108944746,88.3180337409,15.4559903705,9765.6,10.81665625
297,52240,55230.1,873107.23,8.29762469306,128.41347449,19.0026883547,291639.57,14.4863042135
298,52241,29669.21,516438.37,17.7331358251,341.472855904,20.6535797468,172420.26,17.8278091236
299,52245,3097.6,50195.78,4.44418938307,72.0169010043,20.5779659694,16769.45,15.5715208034
300,52246,6694.48,94867.52,7.76737557306,109.496181527,17.0695446049,31734.33,13.7886449123
301,52248,178.48,2054.85,4.95777777778,57.0791666667,15.3098743386,686.16,11.745
302,52253,740.6,8916.77,6.73272727273,81.0615454545,14.9997857143,2996.38,13.3913636364
303,52254,170.27,2555.05,7.09458333333,106.460416667,20.4954712302,852.1,13.7691666667
304,52301,2655.5,31323.68,7.81029411765,92.1284705882,13.542442577,10519.42,13.6867647059
305,52302,17501.92,231598.5,8.83635454438,114.873885437,15.9241057821,77365.26,12.6026627381
306,52306,233.1,3256.5,9.7125,135.6875,15.763452381,1092.12,10.6458333333
307,52310,3636.91,45018.63,4.75263863976,57.5988070254,15.4925530973,15056.75,14.1169239163
308,52314,13158.7,197214.47,11.5302335859,169.468852273,18.1508044933,65821.96,15.8465462963
309,52317,3727.52,54056.67,7.09396922341,99.1365987401,16.7630814727,18077.31,13.1993067584
310,52324,321.0,3795.42,11.8888888889,140.571111111,12.5058906526,1268.7,12.2148148148
311,52327,1538.96,23694.15,8.55338425382,139.456049745,19.6923756921,7928.39,15.8671660791
312,52332,753.52,8580.19,2.78051660517,31.6612177122,14.4022188775,2869.33,13.4146494465
313,52333,1366.25,19021.23,10.602775762,140.498109579,15.4110204575,6351.16,13.7483744557
314,52336,361.5,3820.14,17.2142857143,181.911428571,12.4493424036,1303.08,12.1047619048
315,52338,1312.63,38446.84,12.4634357028,455.377803451,26.027891503,12826.67,20.6148807453
316,52340,684.92,8936.59,7.54217105263,95.8663947368,16.7556205776,2989.58,11.0820241228
317,52342,3501.08,46551.62,6.18757936508,78.8229186508,16.7319282885,15581.89,13.7569642857
318,52345,212.0,2265.65,9.63636363636,102.984090909,13.5675324675,759.07,10.0277272727
319,52349,2313.9,27670.01,13.5315789474,161.812923977,12.0765295182,9231.91,13.2076608187
320,52352,258.0,2512.82,14.3333333333,139.601111111,12.0437301587,842.66,11.1116666667
321,52353,8186.77,120213.31,8.08188116861,115.057589461,17.4594441414,40133.29,14.5235364377
322,52356,823.99,10487.18,4.11995,52.4359,17.7198684524,3525.87,15.434
323,52358,611.03,7325.35,4.79336991221,63.4131165204,16.0633181267,2458.58,12.2379608939
324,52361,2257.06,27184.02,8.46454320988,108.068947531,17.0044205614,9112.84,14.158382716
325,52401,13096.14,239332.89,10.1739964523,152.030234218,20.5365848633,79818.7,15.1930677255
326,52402,68951.54,959470.6,9.64397370283,135.104231965,18.3281764236,320775.79,13.5240061837
327,52403,8254.93,124058.84,8.04916473342,112.872024293,16.5204703206,41520.43,11.0192138519
328,52404,26548.71,359277.39,8.08919800901,114.216404892,17.234645537,120113.7,12.1523203143
329,52405,16521.7,220415.44,6.50885918217,84.3861507372,17.9568710699,73626.98,12.29332123
330,52411,6584.19,113193.97,6.17653846154,106.185712946,20.7140181835,37893.05,16.7078236398
331,52501,17552.45,252526.31,7.93026195165,123.010642177,17.2155503234,84547.5,13.7249946503
332,52531,2051.17,28580.4,7.11137792398,98.9946576511,16.2762562727,9564.65,13.7739651559
333,52537,902.75,11152.82,5.31029411765,65.6048235294,14.5013361345,3730.56,14.2478823529
334,52544,5937.67,70524.7,7.48916537489,95.1735263171,15.8882342929,23566.42,14.0752307208
335,52553,196.25,2858.44,8.53260869565,124.28,17.9844927536,954.95,16.3643478261
336,52554,238.5,3206.83,7.22727272727,97.1766666667,15.4986580087,1069.45,12.6009090909
337,52556,5474.78,83560.91,8.14782652732,116.61399273,17.6916415623,27896.95,14.4706288235
338,52565,1105.71,15175.72,7.8802685422,110.915510088,15.3446954843,5069.98,14.6217988065
339,52571,380.75,6508.94,6.56465517241,112.223103448,17.5590968801,2172.88,18.6677586207
340,52577,9198.89,124598.7,10.0498152332,137.672837087,15.8450990417,41688.61,13.9060151672
341,52591,1136.74,12823.11,4.43117796303,49.9238198623,14.3558926371,4295.35,12.9677836173
342,52601,17833.78,272057.05,8.45512283166,125.471763194,18.4889446818,91056.51,12.9734139574
343,52626,149.54,2063.89,6.50173913043,89.7343478261,17.3989130435,688.41,11.3408695652
344,52627,8281.84,113139.33,8.83596265848,118.846228523,17.3166851479,37801.47,14.9081204143
345,52632,16695.53,245322.69,10.9446875954,154.335086711,16.3551493267,81898.55,13.8610172488
346,52637,708.93,10525.08,2.88182926829,42.7848780488,16.7062670715,3510.48,15.3828455285
347,52639,110.4,1610.61,6.49411764706,94.7417647059,15.895070028,540.93,9.14529411765
348,52641,8981.22,114487.32,10.3796388744,133.225330829,17.4717264521,38533.92,13.6942960305
349,52653,756.68,9451.75,5.52872703412,74.6645231846,15.4511264217,3153.67,11.6269455381
350,52655,6510.87,91650.25,6.87220068578,108.843018806,19.9219780833,30664.02,12.8853455774
351,52656,1255.0,21106.32,8.83802816901,148.636056338,17.69481556,7038.36,17.9900704225
352,52722,33848.33,557785.69,8.94090349415,133.225361684,17.7730060036,186241.76,14.9245425998
353,52726,697.83,8644.12,2.01103746398,24.9110086455,16.0138642264,2888.92,12.0937175793
354,52728,325.25,4106.48,12.0462962963,152.091851852,15.6658730159,1375.66,10.3518518519
355,52730,943.89,11899.99,8.35300884956,105.309646018,15.3060865306,3970.54,13.3609734513
356,52732,18799.52,259800.69,8.38141739324,120.658573337,17.1551794491,86754.86,13.0795389263
357,52733,1787.47,25621.55,8.32664174972,116.462070875,15.4244440169,8548.43,12.2811600221
358,52738,1052.65,15531.72,9.87419637338,146.390467752,16.9960009641,5183.2,8.84714403462
359,52747,615.77,7149.19,3.15779487179,36.6625128205,14.8122741148,2389.84,12.6805128205
360,52748,3471.05,46016.09,5.78014503589,79.8665898553,17.5882331156,15404.78,12.8571822501
361,52751,244.33,2814.35,4.98632653061,57.4357142857,17.582957905,944.81,12.5
362,52753,3069.85,61995.41,12.1695377915,322.461218372,24.2665413128,20695.58,16.4561768032
363,52761,18873.5,262747.35,5.60836531625,76.7137186454,17.8789972941,87769.02,12.8743039331
364,52768,221.29,2199.21,6.50852941176,64.6826470588,14.7675770308,733.35,9.73911764706
365,52772,2603.32,34386.92,6.64234773297,94.0605462906,17.0241796709,11503.15,12.8443149412
366,52776,1050.31,16318.49,5.62253568075,92.4795685446,18.7882890075,5447.43,16.4600455399
367,52777,78.12,894.04,4.11157894737,47.0547368421,16.6436779449,299.63,12.8389473684
368,52778,775.43,8824.96,5.08962323209,70.8918339903,15.148201686,2947.61,10.8493612335
369,52802,7436.58,100179.48,6.6726164325,89.2143838983,17.8082412147,33445.02,10.2312295828
370,52803,6106.02,98717.98,10.4763146899,166.831122608,19.2519616103,32937.3,11.7081143022
371,52804,24901.5,375470.88,8.96543528305,140.040271786,18.8571472211,125356.71,12.3971269286
372,52806,13983.1,181948.52,9.28238208748,118.545832829,16.8238896778,60810.53,14.0003803986
373,52807,39654.35,596547.82,13.6642927616,207.861733871,18.7547502102,199253.77,14.7859635579
374,56201,243.0,4086.72,12.15,204.336,19.9503809524,1362.78,16.8665
375,712-2,1021.4,15185.99,5.52108108108,82.0864324324,18.2870487367,5067.98,16.2674594595
